,Sd,Sd_Var,k,k_Var,NE,NE_Var,1Ts,1Ts_Var
NIMS103,421.6289138800007,78.2668330276878,17.578034000000017,2.363587113629937,1112590.254,138506671299.8863,1.0441959999999983,0.0003708316766187
NIMS679,467.3027294512614,156.2299300339056,36.30010000000008,195.2199529840089,1008574.926,267467013447.1537,1.0578159999999954,0.0012971055805515
KOL2RNG.9,747.4417197600027,6955.126872983288,14.838252799999916,18.978341790504984,2623267.37,1019594794118.984,1.2666755322685512,0.0094153556646611
